,variable,importance
0,LogP,0.044109975346144706
1,WaterSolubility,0.03773567153341668
2,Mol,0.03502587441267731
3,bonds_number,0.026585888079048076
4,atom_number,0.01937420664583968
5,MorganDensity,0.01863025939688742
6,MeltingPoint,0.014351815036955672
7,pub336,0.011211460566723485
8,obs_duration_mean_96.0,0.010267935449135858
9,ring_number,0.008763998759953968
10,pub39,0.008730197153200479
11,control_type_C,0.008499181632923566
12,pub40,0.008375319196879758
13,obs_duration_mean_24.0,0.00837318442950962
14,exposure_type_S,0.007780936490881748
15,conc1_type_A,0.007438614194582484
16,conc1_type_F,0.007338486094080717
17,doubleBond,0.00668678187434767
18,family_Cyprinidae,0.006559521419961463
19,tax_order_Cypriniformes,0.00640347745920852
20,pub713,0.006257960910018014
21,obs_duration_mean_48.0,0.006131403131321974
22,pub551,0.0061090059158786765
23,pub592,0.006003899088026305
24,control_type_I,0.005978729686377922
25,pub361,0.005925276884499515
26,control_type_Unknown,0.005796628593738091
27,application_freq_unit_X,0.005279955228082402
28,pub343,0.005218537506802955
29,pub530,0.005147800550995385
30,alone_atom_number,0.004918278936767345
31,tax_order_Salmoniformes,0.00486188764636671
32,pub698,0.004857858986001588
33,pub295,0.00476246971766234
34,family_Salmonidae,0.004754261326907803
35,exposure_type_F,0.004674518637449782
36,tax_order_Perciformes,0.004658714900607125
37,application_freq_unit_CON,0.0046130769203503305
38,species_mykiss,0.0045323452329602935
39,exposure_type_AQUA,0.004361884542610638
40,pub12,0.004356735077722591
41,pub38,0.004349912636084183
42,media_type_FW,0.0042913811670580075
43,genus_Oncorhynchus,0.004190705349858787
44,exposure_type_R,0.004108738115220662
45,media_type_SW,0.0040713026325723605
46,pub682,0.004042505036448188
47,pub879,0.004000266509591112
48,family_Centrarchidae,0.003819560414393912
49,control_type_S,0.003661077822751808
50,pub844,0.003579855407742128
51,tax_order_Cyprinodontiformes,0.0035322975505658613
52,control_type_K,0.0035125057939649935
53,genus_Lepomis,0.003474229358205328
54,species_macrochirus,0.0033021766904112707
55,pub186,0.0032566441056728172
56,control_type_V,0.0032419897002723746
57,pub187,0.0032231741429560963
58,tax_order_Siluriformes,0.003204352159134348
59,pub117,0.00319585313379997
60,pub697,0.0031299003160202
61,pub861,0.003119743232992007
62,pub13,0.0030830234172307546
63,pub347,0.003053879128916213
64,pub795,0.003051682628189418
65,pub394,0.0030038726225367404
66,pub858,0.0029627160027955435
67,pub3,0.002931106913875658
68,pub408,0.0028919496873086423
69,pub144,0.0028735390145302646
70,species_promelas,0.002869285697911906
71,genus_Pimephales,0.002850929330937754
72,obs_duration_mean_72.0,0.0028300968689754687
73,pub35,0.002681748226271378
74,pub116,0.002658499077027218
75,pub300,0.0025985811494371592
76,pub284,0.0025975730026473547
77,pub258,0.002548927857282813
78,pub34,0.002524271558669628
79,pub865,0.002499281566366387
80,pub517,0.0024976856641521572
81,pub334,0.002481861854903009
82,pub600,0.002445477812522828
83,pub837,0.002373953194312416
84,family_Poeciliidae,0.0023450340864827795
85,pub31,0.0023226116203900085
86,pub541,0.002296459378981505
87,pub375,0.0022837147926614764
88,pub709,0.0022653396250634575
89,oh_count,0.0022252627653446466
90,pub420,0.002217654763308767
91,control_type_M,0.002193515234542015
92,family_Ictaluridae,0.002180254700945187
93,pub710,0.002151647015232805
94,pub366,0.0021422841079407977
95,pub21,0.0021361830576358573
96,pub580,0.0021259478238249575
97,pub699,0.0020779400916943157
98,genus_Ictalurus,0.0020636978376393795
99,pub294,0.002059366110627514
100,pub2,0.0020270351566669424
101,pub381,0.002026751611183149
102,pub444,0.0019902701661477316
103,species_punctatus,0.001956518697926377
104,pub20,0.0019551495968700085
105,pub421,0.001951353575324126
106,pub711,0.0019496548585908613
107,tripleBond,0.001938045169562406
108,pub412,0.0019346286267015649
109,pub367,0.0019027342616482529
110,pub391,0.0018692980675905837
111,family_Cyprinodontidae,0.001850849823456148
112,species_carpio,0.0018493053860566292
113,pub447,0.0018145783997797387
114,pub536,0.00181282491659217
115,pub369,0.0017994199808150381
116,pub685,0.0017945686053376481
117,pub680,0.0017914025701749028
118,pub453,0.001772569750608131
119,genus_Cyprinus,0.0017716583812201771
120,pub816,0.0017686165021616191
121,pub406,0.0017618625204207877
122,pub286,0.0017452071935487288
123,pub315,0.0017226590919457029
124,pub525,0.0017129082437609248
125,pub435,0.0016732710248196553
126,pub700,0.0016697284018156386
127,pub840,0.0016648174277270114
128,pub16,0.0016638766539654613
129,pub371,0.0016594862558233414
130,pub504,0.0016385090604348312
131,pub441,0.0016366858340410928
132,pub15,0.0016293161305511994
133,pub309,0.0016198054346064006
134,pub431,0.0016121119189617
135,pub667,0.0016031242366955872
136,genus_Poecilia,0.0015984035078301568
137,pub1,0.0015827734133314183
138,species_reticulata,0.0015624291076875257
139,pub407,0.0015372226049910087
140,pub679,0.001534829692043536
141,genus_Carassius,0.001514483409291857
142,application_freq_unit_E X H,0.0015135006450208248
143,pub345,0.0015124915420669516
144,pub151,0.0015048490839742845
145,pub442,0.0014917136295511048
146,pub554,0.0014824018289145715
147,pub712,0.001472884913430692
148,pub688,0.0014675461333630649
149,pub661,0.0014669548865175537
150,pub615,0.0014381458206108994
151,pub145,0.0014291146940929816
152,pub595,0.001419333111737321
153,pub19,0.0014153945433621948
154,pub673,0.0014126229321488489
155,pub583,0.0014047995206953672
156,pub354,0.001397267024053116
157,genus_Gambusia,0.0013877380828852656
158,pub353,0.0013784485063057922
159,species_affinis,0.0013763325937821505
160,species_auratus,0.001373858684037355
161,pub689,0.001359896038842542
162,pub633,0.0013520168778080196
163,pub342,0.0013458078964334386
164,pub352,0.0013286075762813864
165,pub599,0.001318511937700835
166,pub372,0.0013069536411738929
167,pub346,0.001297053533571916
168,pub638,0.0012877124101319277
169,pub242,0.0012712927186925998
170,family_Cichlidae,0.0012696056252262606
171,pub335,0.0012644571760752651
172,species_rerio,0.0012542565038136835
173,genus_Oreochromis,0.001239642302744727
174,pub557,0.0012377508635938493
175,pub340,0.0012368788635793867
176,pub614,0.0012365694932754238
177,pub621,0.0012237609904000553
178,pub566,0.001222688402330187
179,pub543,0.0012088824293647505
180,pub781,0.0012064851684805027
181,pub287,0.0011990653196350478
182,pub744,0.0011857726273776755
183,genus_Danio,0.0011834002094835852
184,species_kisutch,0.0011771960264781378
185,genus_Cyprinodon,0.0011755048923383046
186,pub491,0.0011752332907291852
187,pub11,0.0011745364182260988
188,pub417,0.0011737282370427975
189,pub574,0.0011706204040611988
190,pub652,0.0011663008211340803
191,pub644,0.0011649547841053425
192,pub363,0.001160618694644699
193,pub480,0.001156475548981308
194,pub179,0.0011562344765450368
195,pub249,0.0011496385830524899
196,family_Clariidae,0.0011484477552898495
197,pub452,0.001146254146086507
198,pub684,0.001139243308733954
199,genus_Clarias,0.0011323363717184228
200,pub502,0.0011290263878369889
201,pub736,0.0011287816670428592
202,pub430,0.0011287725420785542
203,pub341,0.0011246621242459816
204,pub618,0.0011224250391917582
205,pub569,0.0011187944894400022
206,species_variegatus,0.001117949960372567
207,pub593,0.0011175549188716396
208,pub529,0.001116245577941108
209,pub677,0.001110494263772238
210,pub392,0.001109952238153155
211,pub605,0.001102179356913965
212,pub333,0.0010941497969887402
213,pub756,0.0010883482585522472
214,pub820,0.001087938322843966
215,pub180,0.0010725462635804439
216,pub757,0.0010678101798577398
217,pub657,0.001067726416943875
218,pub693,0.001066857490567981
219,family_Channidae,0.0010560168535583999
220,pub672,0.0010542857806365724
221,genus_Heteropneustes,0.0010538010307122032
222,pub499,0.0010518089911166649
223,pub718,0.001038617657150216
224,pub690,0.0010353027984709828
225,pub620,0.0010351581856003747
226,pub228,0.0010323994508526248
227,pub607,0.0010252080135111483
228,pub542,0.0010237166192073796
229,pub723,0.001014246409617765
230,genus_Channa,0.001008096151908789
231,pub582,0.0010059580632824443
232,pub465,0.001005510149002153
233,pub152,0.0010041550689094281
234,pub229,0.0010015502258461347
235,pub527,0.0009983377955709721
236,pub165,0.0009975680703025842
237,pub396,0.0009967055901457138
238,pub627,0.0009954667312034842
239,pub357,0.000988893293432922
240,pub774,0.0009843936156877457
241,pub383,0.0009813673753579155
242,genus_Barbus,0.0009780462922759972
243,pub819,0.0009741385763315695
244,pub647,0.000972372559370396
245,pub799,0.0009715178403222084
246,conc1_type_T,0.0009690030092820008
247,pub350,0.000968610927476274
248,pub552,0.0009675179450130489
249,pub549,0.0009548412458566275
250,pub393,0.000952171206880633
251,pub376,0.0009495149474662081
252,pub643,0.000941346269924952
253,pub590,0.0009327737143793785
254,pub642,0.000931774229291573
255,pub641,0.0009266691970313856
256,family_Heteropneustidae,0.0009245212660506244
257,species_niloticus,0.0009233268569080789
258,pub575,0.0009198649336347299
259,pub598,0.0009186709374486605
260,pub732,0.0009145421763903496
261,pub386,0.0009145239914553542
262,pub440,0.0009121037529211408
263,species_fossilis,0.000909113334213173
264,pub705,0.0009064487426620491
265,pub27,0.0008944853289151088
266,pub506,0.0008754386868870866
267,pub629,0.000875032431887515
268,pub413,0.0008719567358386165
269,pub4,0.000867986927347148
270,genus_Anguilla,0.0008679177737011074
271,pub419,0.0008662881694505521
272,pub302,0.0008649516870405182
273,pub807,0.0008610143908693814
274,pub424,0.0008577006097725665
275,species_tshawytscha,0.0008576704898823661
276,pub786,0.0008558950661484892
277,pub687,0.0008548283970273997
278,genus_Oryzias,0.0008506009564524498
279,pub591,0.000847371939987609
280,tax_order_Anguilliformes,0.0008460824601505642
281,pub669,0.000843518263852426
282,pub546,0.0008433128080901454
283,pub158,0.0008411282593001163
284,pub778,0.000839816887495785
285,pub681,0.000835524304949765
286,pub477,0.0008331903527453239
287,pub613,0.0008327850040693639
288,pub665,0.0008302209412219367
289,species_xanthurus,0.0008293652388815623
290,species_clarkii,0.0008282832793106098
291,pub568,0.000828006395702318
292,pub147,0.0008180193494607013
293,pub663,0.0008107495173178383
294,family_Adrianichthyidae,0.0008107410365736859
295,pub626,0.0008081731941248179
296,pub44,0.0008070635552082716
297,pub426,0.0008039281427233101
298,pub344,0.0008002046451896268
299,pub624,0.0007980887340202533
300,family_Anguillidae,0.0007974219011352097
301,pub404,0.0007967341315853338
302,pub450,0.0007961158759344365
303,family_Sciaenidae,0.0007942064208809537
304,pub457,0.0007904659455150914
305,genus_Salmo,0.0007867792853203016
306,pub382,0.0007866780051080245
307,pub753,0.0007836678374049316
308,pub193,0.0007777219089607735
309,pub454,0.0007775323626584596
310,pub646,0.0007765642088734412
311,tax_order_Beloniformes,0.0007716189754383293
312,genus_Rasbora,0.0007710480121578552
313,pub455,0.0007679350207397107
314,species_latipes,0.0007678172386199164
315,species_batrachus,0.0007622186087128643
316,pub250,0.0007601158100066815
317,pub601,0.00075963690819979
318,pub515,0.0007592208325057527
319,pub798,0.0007589609616737528
320,pub547,0.0007564983497777581
321,application_freq_unit_DLY,0.0007539198532100081
322,pub437,0.0007513108979756196
323,pub668,0.000745993937325269
324,genus_Leiostomus,0.0007426796158795752
325,pub565,0.0007404074778150744
326,pub508,0.0007365373781434767
327,pub533,0.0007310059831908467
328,pub772,0.00072952014063181
329,pub456,0.000728269409761885
330,pub384,0.0007263120526327941
331,pub298,0.0007240903710457239
332,pub260,0.0007206976664065817
333,pub17,0.0007198470095137729
334,pub571,0.0007193888057692987
335,pub181,0.0007148550344733086
336,pub538,0.00071407761830909
337,pub402,0.0007124775236823161
338,pub443,0.0007103532382929381
339,species_punctata,0.0007098642537239336
340,pub459,0.000707553975773879
341,pub438,0.000703840409846571
342,pub362,0.0007019887004693338
343,pub608,0.0007002248030042626
344,pub460,0.0007000736950257306
345,pub604,0.0006999311961741171
346,pub532,0.0006985382765219445
347,pub594,0.0006984832511062036
348,pub306,0.0006984633202964061
349,pub656,0.0006964458438298391
350,pub655,0.0006961177092976069
351,pub783,0.0006960882721706659
352,pub182,0.000689523790344094
353,pub658,0.0006885631307023269
354,species_ticto,0.0006879075122910538
355,pub328,0.0006859109700687551
356,pub792,0.0006849587803967187
357,species_heteromorpha,0.0006814706527786663
358,pub567,0.0006765510532135587
359,species_anguilla,0.0006721994760909114
360,pub610,0.000669885320337728
361,genus_Salvelinus,0.0006676586268425734
362,pub561,0.0006669211750799272
363,species_mossambicus,0.0006622399307473169
364,pub377,0.0006618019792575202
365,pub666,0.0006557022201778178
366,pub678,0.0006542769811096637
367,pub637,0.0006404825401869392
368,pub720,0.000639350565596793
369,species_trutta,0.0006387533753974148
370,pub397,0.0006375980155304014
371,pub828,0.0006375053630208851
372,species_saxatilis,0.0006282466764894253
373,pub584,0.0006280463095374486
374,pub550,0.0006184312898533148
375,pub503,0.0006174268344766788
376,pub36,0.0006135500990787455
377,pub257,0.0006127033930451626
378,pub596,0.0006107379072507797
379,pub715,0.000606692585655427
380,pub494,0.0006044737068985797
381,pub433,0.0006039406808051474
382,pub559,0.0006032556017517821
383,pub835,0.0005997533952870901
384,pub765,0.0005914891610951524
385,pub449,0.0005852189757298696
386,pub256,0.0005819754989297694
387,pub750,0.0005780802974700741
388,pub293,0.0005776006241893814
389,pub579,0.0005775946346668284
390,pub585,0.0005753607142057501
391,pub553,0.00057461399567639
392,pub245,0.0005727769123736429
393,pub301,0.0005703980957672838
394,pub635,0.0005693470054412713
395,pub463,0.0005676824333979783
396,pub634,0.0005671150604287401
397,pub339,0.0005620198711228873
398,pub356,0.0005549679290154189
399,species_japonica,0.0005523317716811408
400,pub683,0.0005506991192003387
401,pub609,0.0005499771809122998
402,pub378,0.0005468556686111576
403,pub496,0.0005451039650504087
404,pub659,0.000543031793750112
405,genus_Labeo,0.0005414384333779922
406,pub285,0.0005412294620105923
407,pub702,0.0005323876307063576
408,pub660,0.0005308955400184597
409,pub338,0.000527175127156811
410,pub586,0.0005218337664609739
411,pub330,0.0005204236518550343
412,pub640,0.0005188482123288905
413,species_gorbuscha,0.0005172441723263652
414,genus_Morone,0.0005162898920732482
415,family_Moronidae,0.0005140764465800181
416,pub759,0.0005136178268626364
417,pub539,0.0005130449363949309
418,species_rohita,0.0005121328800994591
419,pub458,0.0005097255290243357
420,pub374,0.0005078494119008339
421,pub739,0.0005063418511794013
422,pub521,0.0005055920460240466
423,pub822,0.0005045087316970245
424,pub415,0.0005038153451419124
425,pub587,0.0005037218865264472
426,pub572,0.0005034048737523453
427,pub385,0.0004933793582167036
428,pub448,0.0004902775813343507
429,species_mrigala,0.000490244800888333
430,pub717,0.00048492489640544035
431,species_gariepinus,0.0004836967525832953
432,pub24,0.000481054566621814
433,pub780,0.0004807159816527616
434,pub735,0.0004805207236877821
435,pub471,0.00048037121966032096
436,pub194,0.00048014842599339134
437,pub813,0.00047861329440163395
438,tax_order_Atheriniformes,0.0004749816144558837
439,tax_order_Mugiliformes,0.0004734749676123184
440,genus_Cirrhinus,0.0004721917599620685
441,pub602,0.0004680376014809632
442,pub573,0.000465000778408481
443,genus_Fundulus,0.0004616082240321463
444,pub777,0.00045926477090224577
445,pub146,0.0004550872766064516
446,pub520,0.00045407592898418625
447,pub619,0.00044999909530041906
448,species_namaycush,0.00044724775319934275
449,pub540,0.00044599284755106864
450,pub623,0.00044465112400678147
451,pub729,0.0004398425002856172
452,species_salmoides,0.00043946576434935865
453,pub664,0.00043901615535547135
454,pub451,0.00043867937531436203
455,pub701,0.00043464316095973314
456,pub578,0.0004340699785533115
457,pub492,0.00043405800077647385
458,pub423,0.00042956666431186543
459,pub519,0.00042878647499672637
460,pub801,0.0004220473005143826
461,genus_Leuciscus,0.0004203174490142679
462,pub25,0.00042011425481867096
463,genus_Micropterus,0.0004195886918044395
464,pub597,0.00041795140185470745
465,pub562,0.0004142486271941924
466,pub674,0.0004113472942566249
467,pub651,0.00040713806730575903
468,pub762,0.00040650813875619336
469,pub556,0.00040590044485210665
470,pub802,0.0004042567655826651
471,pub827,0.0004027496447422808
472,family_Mugilidae,0.00040260418156402503
473,pub262,0.00040256601163858065
474,pub522,0.0004005296229971951
475,pub364,0.0003952912312203583
476,pub10,0.00039359861955814285
477,species_idus,0.00039116583106726553
478,pub42,0.0003898863853498529
479,pub501,0.0003891937786907878
480,pub159,0.0003876413515025754
481,pub483,0.0003860191271509438
482,pub432,0.0003841190195064046
483,pub544,0.0003833248689564252
484,species_keta,0.000380182089286835
485,pub32,0.0003796657654559041
486,pub252,0.00037965944312513963
487,pub825,0.0003778415077173047
488,pub473,0.00037740138899031254
489,pub560,0.0003763645749017647
490,pub390,0.00037631840854043217
491,pub738,0.0003752644474856618
492,pub606,0.0003732639761551313
493,pub288,0.00037294005033190416
494,pub691,0.00036881677645512535
495,pub814,0.00036789897301322817
496,pub200,0.0003672347315211984
497,pub531,0.00036625307368833514
498,pub446,0.00036625121624904076
499,pub516,0.00036309654841793664
500,pub823,0.0003626668943957016
501,species_nerka,0.00036194956201511736
502,pub466,0.00036038160876576935
503,family_Atherinidae,0.00036021756545869606
504,pub764,0.00035803348374090856
505,pub505,0.0003578805271844024
506,pub488,0.0003571183036684439
507,pub760,0.00035659341817831093
508,pub692,0.00035616806644146363
509,family_Percidae,0.0003555191748790594
510,species_fontinalis,0.0003554306182726374
511,pub545,0.0003527003717503861
512,pub714,0.0003463225483116788
513,pub639,0.00034097601968411745
514,species_striata,0.0003404488188983231
515,pub509,0.0003384242322533254
516,species_catla,0.00033839042436342796
517,genus_Gibelion,0.0003347364913390853
518,pub507,0.00033435076738406593
519,pub422,0.0003343465081686302
520,pub722,0.00033272377093465427
521,pub631,0.0003309857574859586
522,genus_Mugil,0.00033028600147095487
523,species_carassius,0.0003284050755970942
524,pub730,0.00032826691814924025
525,pub686,0.00032730452159966694
526,pub359,0.00032661257348627653
527,pub555,0.00032560458096934285
528,pub388,0.0003251638735078496
529,family_Cobitidae,0.0003250156908740731
530,pub380,0.0003239173139624157
531,pub581,0.0003227263034804209
532,pub650,0.000321367506749594
533,pub834,0.0003137380035852431
534,pub676,0.0003133461844722407
535,pub490,0.00030977397678201373
536,genus_Ameiurus,0.0003096778929807779
537,pub570,0.0003065331897049751
538,pub485,0.00030466888401592764
539,species_lucius,0.0003023663361445118
540,pub45,0.0003001896293250743
541,pub524,0.0002998562511822456
542,pub577,0.0002966350482834723
543,genus_Menidia,0.000296452678417612
544,pub841,0.0002961932162644998
545,species_melas,0.00029542077647776844
546,pub785,0.00029264130013863395
547,pub548,0.00028632520051540076
548,genus_Mystus,0.00028578821710481604
549,pub612,0.000284174299916937
550,family_Bagridae,0.00028057817289447664
551,pub189,0.00027628348491769557
552,pub793,0.0002731793869660212
553,pub771,0.0002721084470546389
554,species_delineatus,0.00026806116757657593
555,pub563,0.00026707125537449165
556,pub47,0.00026651299517304054
557,species_cyanellus,0.0002633659461710057
558,species_vittatus,0.0002602681674503965
559,pub22,0.0002593317183436831
560,pub576,0.0002588513251969602
561,genus_Perca,0.00025723979791725493
562,pub468,0.00025692076983662213
563,species_helleri,0.000256069080188913
564,pub217,0.00025482933372105473
565,pub436,0.00025451424225258297
566,genus_Esox,0.0002541433617616898
567,pub603,0.000253919758632144
568,tax_order_Characiformes,0.00025098720465385293
569,pub649,0.0002482562155178686
570,pub349,0.00024702227159748165
571,pub299,0.000246060880364564
572,family_Esocidae,0.00024460624376240075
573,pub625,0.0002418879637508385
574,pub758,0.0002415467632857244
575,species_flavescens,0.00024150868650841655
576,pub784,0.000241007996989998
577,genus_Leucaspius,0.00024076541903176707
578,pub351,0.00023856564170484572
579,pub510,0.0002383766115651071
580,family_Osphronemidae,0.00023787861960147003
581,tax_order_Esociformes,0.00023727659581591578
582,pub724,0.00023452559649291295
583,pub616,0.00023346615503657908
584,pub329,0.00023189932374806913
585,application_freq_unit_E X D,0.0002314765372797677
586,pub648,0.00022695383037668674
587,pub704,0.000225084921236377
588,pub721,0.0002240162770239736
589,pub331,0.00022246492514701874
590,pub751,0.0002220689918320708
591,species_similis,0.0002218719134318288
592,species_idella,0.00021974073960754094
593,pub244,0.0002196736174865356
594,genus_Ctenopharyngodon,0.00021891092561123079
595,species_lazera,0.00021827115511714566
596,pub214,0.0002179999501445613
597,pub259,0.00021756433911292812
598,pub703,0.00021653325938056781
599,pub119,0.00021573196397697145
600,family_Characidae,0.0002149539144065913
601,pub358,0.00021433934541561722
602,tax_order_Pleuronectiformes,0.00021347114054339603
603,pub537,0.00021326947875048496
604,pub821,0.00021284098702465523
605,family_Sparidae,0.0002101429766163036
606,species_cephalus,0.00020916831713977156
607,pub154,0.00020613012124023753
608,pub428,0.00020325197797481785
609,pub418,0.00020161757512751987
610,species_decemmaculatus,0.00019812808917834586
611,pub467,0.00019594320216605022
612,pub28,0.0001959428723910223
613,pub741,0.00019559730254912181
614,pub675,0.00019512876551926918
615,family_Kyphosidae,0.00019387444678664115
616,pub588,0.00019311306410576675
617,genus_Rutilus,0.0001913897811425247
618,family_Clupeidae,0.00018974890874337192
619,pub662,0.0001889289218503815
620,pub654,0.00018808729671842913
621,pub804,0.00018705903426547116
622,species_sp.,0.00018664090836871783
623,genus_Girella,0.00018638880760174514
624,genus_Cnesterodon,0.00018619848148688063
625,genus_Lepidocephalichthys,0.00018393222110734813
626,pub611,0.00018314276555532482
627,pub564,0.0001801937899697999
628,species_salar,0.00017917661544430998
629,genus_Jordanella,0.00017858175797690631
630,pub671,0.00017837696131804364
631,pub787,0.00017671558127043354
632,pub518,0.00017474943896311112
633,pub368,0.00017370046716258826
634,species_beryllina,0.00017332901092093544
635,pub373,0.0001728978456747303
636,genus_Tilapia,0.00017160077121506972
637,pub653,0.00017090223659059823
638,pub694,0.00016890046848224335
639,pub622,0.00016776746550529355
640,species_crysoleucas,0.0001677405395115592
641,pub14,0.0001640547762582107
642,tax_order_Clupeiformes,0.00016154985360101486
643,pub670,0.00015971859401890692
644,pub482,0.0001592589491819388
645,genus_Misgurnus,0.0001589724737865285
646,species_anguillicaudatus,0.00015858827612690707
647,genus_Hypophthalmichthys,0.00015655435338451592
648,species_floridae,0.00015459767241098737
649,genus_Nothobranchius,0.00015457161236052388
650,genus_Paracheirodon,0.00015360824374846137
651,pub645,0.00015353771666841898
652,pub365,0.0001535239355922044
653,genus_Notemigonus,0.00015292819617243483
654,pub387,0.0001522994766949328
655,pub201,0.0001520134875155332
656,species_lineatus,0.00015029725599296202
657,species_furzeri,0.00014927179827679224
658,pub305,0.00014822334622129944
659,pub337,0.00014806325716836569
660,genus_Chasmichthys,0.00014684783263414585
661,family_Gobiidae,0.00014564407085365351
662,species_thermalis,0.00014469814791675536
663,family_Melanotaeniidae,0.00014464979085359662
664,pub487,0.0001437725272104377
665,family_Pleuronectidae,0.0001437300255997096
666,pub307,0.00014220444983288543
667,pub462,0.00014210460648344188
668,species_microlophus,0.00014206438684776572
669,genus_Zacco,0.00014177646110987598
670,pub26,0.00013908963834241415
671,pub439,0.00013805919405835763
672,species_cupanus,0.00013556571247853508
673,genus_Anabas,0.00013510274945841783
674,species_orientalis,0.00013463848260865098
675,genus_Xiphophorus,0.00013235145023452678
676,species_axelrodi,0.00013220190369456038
677,genus_Pseudosphromenus,0.00013051149204212914
678,species_fluviatilis,0.00012890654554499641
679,exposure_type_E,0.00012796543844150046
680,species_dolichognathus,0.00012770599448299808
681,species_sericeus,0.00012436179673042832
682,family_Anabantidae,0.00012432762655335006
683,genus_Colisa,0.0001224769679813478
684,species_platypus,0.00012200362367558835
685,species_testudineus,0.00012140921141135257
686,species_heteroclitus,0.00012048839347942369
687,genus_Melanotaenia,0.00011971968364122215
688,pub862,0.00011882276252652189
689,species_kutum,0.00011795376365858163
690,species_fasciata,0.00011776414830252015
691,pub497,0.00011742453839232345
692,pub817,0.00011588640505500073
693,pub754,0.00011444541086450898
694,pub806,0.00011152584004058499
695,pub534,0.0001107410634441905
696,species_molitrix,0.00010931575037935145
697,species_vitreus,0.00010811037097429925
698,pub476,0.00010760942052092968
699,pub478,0.00010665752824323148
700,species_maculatus,0.00010623964295749996
701,pub243,0.00010548175802752118
702,pub131,0.00010505734781525658
703,pub398,0.00010409791197472531
704,species_menidia,0.00010313701921851323
705,species_olivaceus,0.00010305068892618278
706,species_alburnus,0.00010251590363494664
707,pub360,0.00010193887572554304
708,pub743,0.0001012137030288511
709,genus_Alburnus,0.00010085845110771569
710,species_dorsalis,0.00010063244214743009
711,exposure_type_P,0.00010042808888479902
712,family_Bothidae,9.82895912082478e-05
713,pub747,9.654781514685358e-05
714,pub130,9.647897225850276e-05
715,pub251,9.520068270103974e-05
716,genus_Aplocheilus,9.506517611820399e-05
717,species_rutilus,9.457530669400518e-05
718,pub414,9.417583622494579e-05
719,application_freq_unit_DLY for X D,9.390842808128374e-05
720,genus_Sander,9.390641477805575e-05
721,pub196,9.384710448848202e-05
722,species_rostrata,9.378792676794411e-05
723,pub706,9.34491791338806e-05
724,genus_Phoxinus,9.233649400275682e-05
725,pub695,9.210151091110919e-05
726,genus_Rhodeus,9.172272980419909e-05
727,species_lutrensis,9.153156050339592e-05
728,species_harengus,9.10572601344307e-05
729,species_tinca,9.078824261856799e-05
730,pub831,9.057364043867436e-05
731,species_parva,9.048594348262147e-05
732,genus_Nuria,8.935820032192854e-05
733,species_zillii,8.899225247934199e-05
734,genus_Paralichthys,8.898928066977185e-05
735,application_freq_unit_X per 2D,8.853578233645485e-05
736,species_gonionotus,8.83365442145426e-05
737,species_danrica,8.832505498090119e-05
738,genus_Acanthopagrus,8.831994908573372e-05
739,genus_Pseudorasbora,8.821446593864608e-05
740,pub58,8.808698065979723e-05
741,genus_Piaractus,8.679356626773657e-05
742,genus_Tinca,8.64196279019525e-05
743,pub500,8.615260692454323e-05
744,pub399,8.589962135812984e-05
745,pub474,8.564256835024124e-05
746,pub395,8.561774164387358e-05
747,species_mesopotamicus,8.553373663019157e-05
748,pub486,8.512629130423426e-05
749,pub188,8.377342646464874e-05
750,pub632,8.375470950826561e-05
751,genus_Cyprinella,8.350154461006993e-05
752,species_schlegelii,8.32451148995406e-05
753,pub755,8.24058824672376e-05
754,pub46,8.195073033185679e-05
755,family_Gasterosteidae,8.164255721516252e-05
756,genus_Clupea,8.123093416610941e-05
757,genus_Puntius,7.837026447774942e-05
758,pub727,7.821848470275064e-05
759,pub636,7.745292608463586e-05
760,pub800,7.68050427768068e-05
761,application_freq_unit_X per D,7.61175673744068e-05
762,pub790,7.57148522335759e-05
763,pub410,7.435965572493233e-05
764,pub829,7.408189654839504e-05
765,species_aculeatus,7.392341926523748e-05
766,pub589,7.342216676713958e-05
767,pub63,7.208757101496394e-05
768,tax_order_Gasterosteiformes,7.165396809024455e-05
769,genus_Sphoeroides,7.152049140060709e-05
770,family_Tetraodontidae,7.141762220818336e-05
771,genus_Gasterosteus,7.110216044616919e-05
772,pub740,7.08993148877341e-05
773,species_stigma,7.036014406578137e-05
774,genus_Liza,6.932755490436404e-05
775,pub696,6.839325237800424e-05
776,tax_order_Tetraodontiformes,6.8037759092137e-05
777,tax_order_Petromyzontiformes,6.803277710826899e-05
778,genus_Acipenser,6.683608268451003e-05
779,species_flesus,6.61966235035225e-05
780,species_cavasius,6.602084963776486e-05
781,pub207,6.547448849354712e-05
782,pub512,6.350075151416542e-05
783,genus_Gila,6.318298281033507e-05
784,pub348,6.314397174204825e-05
785,genus_Trichogaster,6.12572016630332e-05
786,class_Actinopterygii,6.0838083543653694e-05
787,pub41,6.0639447338656365e-05
788,genus_Aphanius,6.04888075318745e-05
789,species_curema,6.027227630387901e-05
790,species_oregonensis,6.023139855825038e-05
791,species_cypha,5.9392113042799456e-05
792,pub523,5.926261925476657e-05
793,pub803,5.920976081810961e-05
794,pub708,5.889358991215225e-05
795,family_Acipenseridae,5.862252620237392e-05
796,species_phoxinus,5.8537413753412376e-05
797,genus_Platichthys,5.847992368875486e-05
798,species_conchonius,5.796644503846196e-05
799,pub166,5.767685816816417e-05
800,class_Cephalaspidomorphi,5.7517794830970143e-05
801,pub818,5.740353968184029e-05
802,species_americana,5.7377306374886855e-05
803,pub630,5.7267892457576935e-05
804,species_oxyrhynchus,5.71322668464447e-05
805,pub429,5.655200302157695e-05
806,species_diaphanus,5.635302826488676e-05
807,control_type_U,5.620136634266046e-05
808,genus_Petromyzon,5.517514983242105e-05
809,species_rhomboides,5.4605406886199155e-05
810,pub297,5.443724632741525e-05
811,pub195,5.441276049350574e-05
812,pub766,5.3552919839547465e-05
813,pub495,5.340367256720341e-05
814,species_transmontanus,5.3350476585835665e-05
815,pub768,5.313796196059071e-05
816,family_Agonidae,5.2691783042869384e-05
817,genus_Barilius,5.245828248931759e-05
818,species_yokohamae,5.180047217651403e-05
819,species_sophore,5.1558016719553344e-05
820,family_Petromyzontidae,5.133318781390193e-05
821,species_cataphractus,5.1146277103351524e-05
822,tax_order_Acipenseriformes,5.0681771686961664e-05
823,tax_order_Scorpaeniformes,5.022236554109841e-05
824,species_moriokae,4.930775350338397e-05
825,pub484,4.873573917095119e-05
826,pub810,4.821450636435597e-05
827,pub617,4.802044734235801e-05
828,species_notopterus,4.766292121513964e-05
829,genus_Ptychocheilus,4.743464738260031e-05
830,pub838,4.712228631322772e-05
831,pub216,4.703546799373009e-05
832,genus_Garra,4.514055277832673e-05
833,family_Atherinopsidae,4.4812226736016414e-05
834,genus_Agonus,4.459246067819087e-05
835,species_barbus,4.452394774229651e-05
836,species_scandens,4.438271050526535e-05
837,pub737,4.402219709638963e-05
838,species_bendelisis,4.399771694357403e-05
839,species_parsia,4.311512985374957e-05
840,genus_Pseudopleuronectes,4.247891404205257e-05
841,genus_Seriola,4.239773968584185e-05
842,tax_order_Osteoglossiformes,4.2098245590606014e-05
843,pub498,4.189314869749613e-05
844,species_jarbua,4.124998042130305e-05
845,species_nobilis,4.085931245447134e-05
846,species_duboulayi,4.0668852603037424e-05
847,pub48,4.0501905286436795e-05
848,species_gotyla,4.036613016287274e-05
849,genus_Alosa,4.0285324877133365e-05
850,genus_Lagodon,4.0145726433037004e-05
851,species_trilineata,4.003796219989098e-05
852,species_quinqueradiata,3.966441152073685e-05
853,pub775,3.936748902738592e-05
854,species_dispar,3.900783718794553e-05
855,genus_Pagrus,3.889134352657022e-05
856,pub261,3.866720111963433e-05
857,genus_Acheilognathus,3.865971428218769e-05
858,species_marinus,3.840072597558051e-05
859,species_major,3.8081675501330826e-05
860,pub67,3.7970898228260174e-05
861,pub769,3.734033883813754e-05
862,pub832,3.724641148932344e-05
863,family_Notopteridae,3.678162614580677e-05
864,pub481,3.578377177667662e-05
865,pub208,3.5494053401059287e-05
866,species_gibbosus,3.5477087528653046e-05
867,species_bata,3.54651980010743e-05
868,family_Carangidae,3.504331482756218e-05
869,genus_Galaxias,3.48710782314931e-05
870,genus_Brevoortia,3.456123275647429e-05
871,species_galilaeus,3.435853884759869e-05
872,species_chola,3.430681102288359e-05
873,genus_Notopterus,3.420182854355721e-05
874,pub23,3.416639036136417e-05
875,pub811,3.403965673317491e-05
876,genus_Prochilodus,3.352551507188352e-05
877,genus_Pseudaphritis,3.339213902534246e-05
878,family_Teraponidae,3.274752290144192e-05
879,species_trichopterus,3.271918108048393e-05
880,genus_Sarotherodon,3.19579635595116e-05
881,pub138,3.163729995854092e-05
882,species_signifer,3.1135985573354095e-05
883,species_rarus,3.082374872547615e-05
884,species_urvillii,3.081272288118424e-05
885,species_patronus,3.079667467150311e-05
886,pub716,3.078936552240366e-05
887,genus_Terapon,3.075873341446831e-05
888,genus_Etheostoma,3.032069418030097e-05
889,genus_Parophrys,3.0319616997844213e-05
890,pub308,3.004325783159997e-05
891,genus_Pseudomugil,3.0017676614298895e-05
892,family_Curimatidae,2.972789035673913e-05
893,pub379,2.9681994373887355e-05
894,species_bifasciatum,2.965561868309665e-05
895,species_sapidissima,2.9442604980982283e-05
896,pub779,2.898336511135679e-05
897,pub202,2.886050288283883e-05
898,genus_Gobiocypris,2.8696935791940727e-05
899,species_vetulus,2.8485486118370275e-05
900,pub707,2.8285912902271553e-05
901,application_freq_unit_EOD,2.8172997962485626e-05
902,species_calbasu,2.808549664871221e-05
903,pub203,2.805870401044648e-05
904,pub528,2.7744093019106907e-05
905,pub401,2.7710767456716596e-05
906,genus_Enneacanthus,2.7484988379351385e-05
907,genus_Leuresthes,2.687411301637342e-05
908,species_carinatus,2.6835525967980584e-05
909,family_Labridae,2.6727988473683866e-05
910,family_Nototheniidae,2.6717105840924006e-05
911,pub748,2.656267333975487e-05
912,species_tenuis,2.594419905957706e-05
913,species_alpinus,2.5882597776480124e-05
914,pub472,2.580216653985638e-05
915,species_marmoratus,2.5689925894690058e-05
916,species_peninsulae,2.56475208636304e-05
917,genus_Rivulus,2.500740079309775e-05
918,tax_order_Osmeriformes,2.45994977686191e-05
919,family_Aplocheilidae,2.4158172794396374e-05
920,species_bonariensis,2.390425714269925e-05
921,species_fasciatus,2.3578709015418056e-05
922,pub867,2.320585211800855e-05
923,pub231,2.31148980449646e-05
924,pub137,2.3060778285065192e-05
925,genus_Thalassoma,2.300855321709194e-05
926,pub43,2.299100088281959e-05
927,family_Batrachoididae,2.2940752851571774e-05
928,pub846,2.285733674639524e-05
929,species_pectoralis,2.2775001137036487e-05
930,species_macropomum,2.2690258004307315e-05
931,pub411,2.2442864675023554e-05
932,genus_Odontesthes,2.235430649428264e-05
933,pub400,2.2266940391756958e-05
934,genus_Pangasius,2.2255007390154596e-05
935,family_Chanidae,2.2222659928640226e-05
936,genus_Lampetra,2.1551710745100484e-05
937,pub514,2.1508306207815575e-05
938,genus_Colossoma,2.1466698794707538e-05
939,pub230,2.12237651566153e-05
940,species_stellatus,2.1210061878510327e-05
941,species_majalis,2.0993967378161812e-05
942,tax_order_Batrachoidiformes,2.0789611245303545e-05
943,pub782,2.0706152898506788e-05
944,species_melastigma,2.028086759733822e-05
945,pub475,2.012989709257751e-05
946,species_tridentata,1.9674081189837563e-05
947,pub726,1.9467474197392123e-05
948,genus_Chanos,1.9224547134156138e-05
949,species_gloriosus,1.921242889114129e-05
950,species_chanos,1.9143097069135932e-05
951,family_Catostomidae,1.8448642981700574e-05
952,family_Galaxiidae,1.84449123517602e-05
953,species_americanus,1.8215316512753955e-05
954,pub511,1.808298601011582e-05
955,species_erythrophthalmus,1.7960298171174973e-05
956,genus_Chirostoma,1.7895272495130048e-05
957,genus_Poeciliopsis,1.7874579932359823e-05
958,family_Pangasiidae,1.7225613238861064e-05
959,genus_Pleuronectes,1.72182965677677e-05
960,genus_Opsanus,1.705365112650514e-05
961,species_hypophthalmus,1.6750223778304634e-05
962,family_Scophthalmidae,1.6603388703380406e-05
963,species_sharpeyi,1.618877074042527e-05
964,pub461,1.5972738865672115e-05
965,species_beta,1.569875029811642e-05
966,species_guntea,1.536343502461136e-05
967,species_jordani,1.5347531708659415e-05
968,pub489,1.4489396491078272e-05
969,pub493,1.4305448902211479e-05
970,pub62,1.4217093778395114e-05
971,tax_order_Gonorhynchiformes,1.385614200529509e-05
972,genus_Psetta,1.3501679448705791e-05
973,conc1_type_L,1.3250656333945184e-05
974,species_aurea,1.3238438464007223e-05
975,genus_Scardinius,1.314644173574082e-05
976,pub789,1.3043084810707861e-05
977,species_gracilis,1.2973147552459842e-05
978,species_commersoni,1.2950624959049673e-05
979,pub719,1.2733566418413686e-05
980,genus_Platygobio,1.2510334459973464e-05
981,species_vaigiensis,1.231830616294499e-05
982,genus_Boleophthalmus,1.2153348612422557e-05
983,family_Siluridae,1.1892904629104946e-05
984,species_glanis,1.1888565269158537e-05
985,pub734,1.1791690079411252e-05
986,genus_Silurus,1.1741738214526925e-05
987,species_tropicus,1.158646557801013e-05
988,species_marjoriae,1.1469263967812294e-05
989,tax_order_Gadiformes,1.143217809945548e-05
990,genus_Tanichthys,1.142039658581836e-05
991,species_occidentalis,1.1049397530933182e-05
992,pub173,1.0825703684034637e-05
993,species_brevirostrum,1.06206633902774e-05
994,species_dovii,1.0561351456465157e-05
995,pub153,1.037080108035005e-05
996,species_maxima,1.03128363974159e-05
997,pub797,1.0053175669239407e-05
998,application_freq_unit_H,1.0004324730786724e-05
999,pub808,9.95253678658609e-06
1000,species_fimbriatus,9.7412280948372e-06
1001,genus_Craterocephalus,9.452126703914035e-06
1002,species_pygmaea,9.359367271504021e-06
1003,species_mossambicus X niloticus,9.202181231989715e-06
1004,pub761,9.10564672897628e-06
1005,genus_Notropis,9.073451306169932e-06
1006,species_gilae,8.99689821650287e-06
1007,family_Centropomidae,8.908535409950616e-06
1008,species_dolomieu,8.863933031807358e-06
1009,genus_Cymatogaster,8.712825828061451e-06
1010,species_albonubes,8.684268277105136e-06
1011,genus_Heterobranchus,8.510703882199197e-06
1012,species_aggregata,8.402358233878322e-06
1013,species_boddarti,8.396039653519658e-06
1014,pub470,8.253060482052181e-06
1015,species_longifilis,8.080915270063311e-06
1016,genus_Catostomus,8.044984879871103e-06
1017,species_elegans,8.043699123710227e-06
1018,species_morhua,7.986724861289098e-06
1019,family_Gadidae,7.848107193220647e-06
1020,species_caspicus,7.763776530078261e-06
1021,species_yucatana,7.752676011455772e-06
1022,genus_Atractosteus,7.451478746847993e-06
1023,pub763,7.445894514613052e-06
1024,genus_Hyphessobrycon,7.3976873080926955e-06
1025,genus_Gadus,7.272186562420135e-06
1026,species_platorynchus,7.1811965346777435e-06
1027,pub535,7.112450642524902e-06
1028,species_undecimalis,7.014320549038994e-06
1029,species_unifasciatus,6.960621209435427e-06
1030,species_muksun,6.928208279823486e-06
1031,family_Loricariidae,6.775927422352587e-06
1032,species_bimaculatum,6.769974473189288e-06
1033,genus_Cichlasoma,6.6709746382437454e-06
1034,species_canadum,6.539021549372163e-06
1035,tax_order_Semionotiformes,6.4330024176675025e-06
1036,genus_Hemigrammus,6.4151707412753065e-06
1037,pub469,6.3829341163145525e-06
1038,family_Umbridae,6.302764554998042e-06
1039,genus_Umbra,6.267715943646478e-06
1040,family_Embiotocidae,6.2471131031548246e-06
1041,pub292,6.098403872500551e-06
1042,genus_Scaphirhynchus,6.031558057562841e-06
1043,pub389,6.022513225972085e-06
1044,species_ludibundis,5.7794363667555035e-06
1045,genus_Rachycentron,5.7122722415340694e-06
1046,pub745,5.6886586920972605e-06
1047,species_grypus,5.6797436071035594e-06
1048,genus_Atherinops,5.656945361213866e-06
1049,genus_Nannostomus,5.654137227845962e-06
1050,species_nebulosus,5.5899373563077085e-06
1051,pub824,5.589048639866882e-06
1052,pub409,5.5689620914653245e-06
1053,genus_Coregonus,5.5555190359539295e-06
1054,application_freq_unit_X for 24 H,5.490894586909094e-06
1055,species_tengara,5.460556472765396e-06
1056,pub839,5.354648581324806e-06
1057,family_Lepisosteidae,5.278216083622224e-06
1058,pub18,5.256044478538403e-06
1059,genus_Abramis,5.216247580860888e-06
1060,pub324,5.161643014081926e-06
1061,species_angorae,5.0830346258043255e-06
1062,species_sinensis,5.065923598058739e-06
1063,genus_Parachromis,5.031394452240116e-06
1064,family_Balitoridae,4.987536264407669e-06
1065,species_erythrozonus,4.979897550959144e-06
1066,species_atratulus,4.958548106213726e-06
1067,family_Lebiasinidae,4.92206975847019e-06
1068,genus_Centropomus,4.909912578469626e-06
1069,species_furcatus,4.79218873994918e-06
1070,family_Rachycentridae,4.675967365476656e-06
1071,species_nigromaculatus,4.604658289972226e-06
1072,species_erythrostigma,4.599060782371145e-06
1073,genus_Nemacheilus,4.509128593196467e-06
1074,species_brama,4.4899896909755345e-06
1075,pub30,4.471334094876894e-06
1076,pub416,4.28685124802076e-06
1077,species_daniconius,4.242885380176617e-06
1078,species_bovinus,4.207686936508501e-06
1079,genus_Otocinclus,4.207087231419224e-06
1080,genus_Macquaria,4.167541621429975e-06
1081,species_watsoni,4.058373749649134e-06
1082,species_galilaea,4.04468746277408e-06
1083,pub5,4.037570180069847e-06
1084,pub314,4.00221770161737e-06
1085,genus_Pomoxis,3.973580106069359e-06
1086,species_fuscus,3.8002910003583807e-06
1087,species_lepidum,3.782934856017581e-06
1088,family_Schilbeidae,3.6932685176142517e-06
1089,pub370,3.6908321301737707e-06
1090,pub776,3.6466256791147167e-06
1091,species_macrolepis,3.6356552578409394e-06
1092,pub215,3.6029050380592924e-06
1093,genus_Cyprinion,3.471176119960721e-06
1094,family_Mormyridae,3.465336047892062e-06
1095,family_Syngnathidae,3.4526447394606703e-06
1096,species_elanga,3.4451476268633722e-06
1097,pub864,3.3974663024585527e-06
1098,species_mystus,3.365581023285875e-06
1099,species_holbrooki,3.365542600308199e-06
1100,species_guentheri,3.299431356806226e-06
1101,genus_Syngnathus,3.255366540822088e-06
1102,pub125,3.1845724216450285e-06
1103,pub434,3.1725551084158785e-06
1104,application_freq_unit_X per WK,3.171221819496625e-06
1105,species_macularius,3.139435008551558e-06
1106,pub126,3.09017957971146e-06
1107,species_platessa,3.0525989249079674e-06
1108,species_lalia,3.0277765572902143e-06
1109,species_texanus,3.0163693047003735e-06
1110,species_labrax,2.9894686120589852e-06
1111,genus_Serranus,2.986126712191156e-06
1112,pub826,2.9401762059604776e-06
1113,pub773,2.9365245365774078e-06
1114,genus_Schilbe,2.929157077820011e-06
1115,application_freq_unit_X per 24 H,2.9084285859242805e-06
1116,species_rubrum,2.8340352858017958e-06
1117,genus_Macropodus,2.817689086256031e-06
1118,pub132,2.804087423222093e-06
1119,species_macrolepidotus,2.802240973059712e-06
1120,exposure_type_SC,2.772279966118958e-06
1121,species_scriba,2.769664579615935e-06
1122,species_sandvicensis,2.732629822286806e-06
1123,genus_Synechogobius,2.7187612377246752e-06
1124,pub263,2.6848054640433795e-06
1125,pub742,2.6229639266957587e-06
1126,pub161,2.586556181802799e-06
1127,pub794,2.563934626243273e-06
1128,conc1_type_U,2.4893118123565137e-06
1129,family_Kuhliidae,2.452662996418849e-06
1130,pub123,2.414711708581238e-06
1131,pub405,2.364342685919425e-06
1132,genus_Dicentrarchus,2.253182611500406e-06
1133,pub355,2.212737063976391e-06
1134,genus_Barbonymus,2.188437162383953e-06
1135,pub836,2.186673885714045e-06
1136,species_calva,2.1778334975248055e-06
1137,species_vagra,2.1645958070606392e-06
1138,pub29,2.1315970893091204e-06
1139,genus_Rhinichthys,2.128204118653669e-06
1140,pub118,2.12571208092148e-06
1141,pub731,2.0504508817383973e-06
1142,species_butcheri,2.0333535476055642e-06
1143,species_novemaculeata,2.006833900836061e-06
1144,family_Percichthyidae,1.9985166627123192e-06
1145,family_Soleidae,1.9551028035140637e-06
1146,species_solea,1.95396586290562e-06
1147,pub6,1.921653847507446e-06
1148,genus_Noemacheilus,1.8880702910323076e-06
1149,genus_Xyrauchen,1.8652563210763052e-06
1150,species_minutus,1.8606734277662583e-06
1151,genus_Kuhlia,1.8512768382614327e-06
1152,genus_Chromis,1.8415938581896628e-06
1153,pub425,1.8237244731464795e-06
1154,species_eos,1.8097874425797165e-06
1155,family_Serranidae,1.80330566998392e-06
1156,species_viridis,1.7854015727769847e-06
1157,genus_Monopterus,1.664787567134775e-06
1158,family_Pomacentridae,1.6599586022306392e-06
1159,pub172,1.6506911823280158e-06
1160,genus_Huso,1.6372979303873533e-06
1161,species_huso,1.6358760181036867e-06
1162,genus_Amia,1.588272809138574e-06
1163,species_saliens,1.5548765323866887e-06
1164,genus_Megarasbora,1.4687542465013491e-06
1165,family_Heptapteridae,1.4605060691906971e-06
1166,pub843,1.4440372632501214e-06
1167,genus_Pogonichthys,1.4213477381437343e-06
1168,pub805,1.4211418283934552e-06
1169,genus_Sciaenops,1.4144937568913154e-06
1170,species_latipinna,1.3999668444347275e-06
1171,genus_Corydoras,1.360930018157953e-06
1172,species_macrops,1.3365503504089275e-06
1173,genus_Solea,1.311941324655105e-06
1174,species_filamentosus,1.2812904029106424e-06
1175,pub133,1.239230571934913e-06
1176,pub870,1.231441772049364e-06
1177,pub86,1.20841064306804e-06
1178,species_opercularis,1.1880606010613635e-06
1179,tax_order_Amiiformes,1.1500663118634841e-06
1180,genus_Bidyanus,1.1412042721470708e-06
1181,species_ocellatus,1.1291251659855957e-06
1182,genus_Pomatoschistus,1.1099366851160477e-06
1183,species_monachus,1.1098813499784469e-06
1184,pub310,1.1072146053588475e-06
1185,tax_order_Synbranchiformes,1.0957623106756284e-06
1186,species_hornorum,1.0815725475523116e-06
1187,genus_Etroplus,1.073111679587219e-06
1188,pub791,1.0287097472187214e-06
1189,genus_Cynoscion,1.0233993056322651e-06
1190,species_denisonii,1.0093745613969185e-06
1191,species_dancena,1.003266637658271e-06
1192,species_hudsonius,1.0007368526755724e-06
1193,species_hasta,9.852755290584622e-07
1194,species_mekistocholas,9.821460451656576e-07
1195,species_gobio,9.80656018892495e-07
1196,genus_Chrysiptera,9.620589876061637e-07
1197,pub53,9.451479460393003e-07
1198,family_Amiidae,9.199606484986218e-07
1199,species_notatus,8.648154144410164e-07
1200,species_paleatus,8.542924840123419e-07
1201,species_suratensis,8.501003230344474e-07
1202,species_albula,8.186382719011741e-07
1203,genus_Gobio,8.158727485736569e-07
1204,species_spilurus,8.033318498528415e-07
1205,genus_Rhamdia,8.012977984623886e-07
1206,species_lucioperca,7.970495707744693e-07
1207,species_bidorsalis,7.926844482923897e-07
1208,species_bidyanus,7.862049257031853e-07
1209,pub221,7.66432134899685e-07
1210,genus_Erimonax,7.527007375343548e-07
1211,pub59,7.344126003231769e-07
1212,genus_Arapaima,7.302520022190463e-07
1213,species_melanopleura,7.229863414469814e-07
1214,species_multidentata,7.126546310402061e-07
1215,species_albus,7.125116623836097e-07
1216,pub849,7.05775055624945e-07
1217,species_plecostomus,7.057319028884023e-07
1218,family_Siganidae,6.975189957636969e-07
1219,species_anogenus,6.908509769340756e-07
1220,species_iberus,6.874287382736692e-07
1221,species_blennius,6.805471858432301e-07
1222,species_tetrazona,6.737200644761355e-07
1223,genus_Mylopharyngodon,6.602968975862236e-07
1224,pub815,6.477200896679604e-07
1225,control_type_B,6.287251006152989e-07
1226,species_urophthalmus,6.237428734931686e-07
1227,species_schlosseri,5.885800546193491e-07
1228,genus_Campostoma,5.819578478660679e-07
1229,genus_Mesopotamichthys,5.695883790811702e-07
1230,species_macrocephalus,5.501255977689937e-07
1231,genus_Pollimyrus,5.346684336660885e-07
1232,family_Mochokidae,5.323242297800711e-07
1233,genus_Sparus,5.277651450299154e-07
1234,genus_Pterophyllum,5.158497715523909e-07
1235,genus_Hypostomus,5.08541340473267e-07
1236,species_tyrannus,5.051073956238462e-07
1237,species_isidori,4.964199335836223e-07
1238,pub318,4.867681507349067e-07
1239,species_inconstans,4.6736554483947653e-07
1240,species_pallasii,4.631978651618062e-07
1241,genus_Barbodes,4.4465426397003384e-07
1242,species_herbertaxelrodi,4.3975999568673445e-07
1243,genus_Tautogolabrus,4.2393295608998374e-07
1244,family_Synbranchidae,4.1471619780146783e-07
1245,species_natalensis,4.046066181996566e-07
1246,species_erythropterus,3.7357841398429125e-07
1247,species_keletius,3.6757079977416486e-07
1248,exposure_type_IP,3.664381109073567e-07
1249,control_type_P,3.568643103289122e-07
1250,species_brachypomus,3.5072161620091705e-07
1251,species_quelen,3.4004548666109494e-07
1252,genus_Pungitius,3.3819551591484204e-07
1253,application_freq_unit_X for 60 MI,3.3716386490041855e-07
1254,species_carnaticus,3.355039559083312e-07
1255,species_liza,3.2445904698096227e-07
1256,species_dussumieri,3.196052107145821e-07
1257,genus_Apareiodon,3.1436585375318955e-07
1258,genus_Phalloceros,3.080979117124973e-07
1259,species_ternetzi,3.0785498504841886e-07
1260,pub752,3.039962577907733e-07
1261,species_rubicundus,2.96441040170305e-07
1262,family_Callichthyidae,2.859446257304057e-07
1263,genus_Synodontis,2.8233506248841477e-07
1264,species_guineensis,2.8123690268745457e-07
1265,species_microlepis,2.793082075854071e-07
1266,species_anomalum,2.742712275907846e-07
1267,species_scalare,2.532917682753373e-07
1268,species_longidorsalis,2.4542729398151364e-07
1269,species_natalis,2.43306902543359e-07
1270,genus_Aplocheilichthys,2.3663211524566226e-07
1271,species_rendalli,2.3495095827632428e-07
1272,species_altivelis,2.3371967111712976e-07
1273,pub728,2.3018571493800814e-07
1274,species_peled,2.3011237693639776e-07
1275,species_cyanea,2.123994891938103e-07
1276,genus_Chrysichthys,2.114178834566074e-07
1277,genus_Plecostomus,2.0477046563575476e-07
1278,species_trilineatum,2.0256965176018637e-07
1279,species_piceus,2.0219988876624794e-07
1280,species_cernuus,2.0112050828939945e-07
1281,family_Pimelodidae,1.995013101684052e-07
1282,species_catostomus,1.9929545745607306e-07
1283,pub332,1.9880035067865405e-07
1284,species_pungitius,1.9272843158775884e-07
1285,genus_Chanodichthys,1.924394781816981e-07
1286,species_regia,1.9180459002202877e-07
1287,species_fonticola,1.866130391193364e-07
1288,species_sparrmanii,1.8053566776982407e-07
1289,species_mexicana,1.7733940907800882e-07
1290,genus_Plagiognathops,1.766121946955148e-07
1291,exposure_type_SP,1.686080323095929e-07
1292,genus_Micrometrus,1.682535048811702e-07
1293,family_Osmeridae,1.5935122021078075e-07
1294,genus_Sebastes,1.5382910011962918e-07
1295,species_aurata,1.5257693862941792e-07
1296,species_megalotis,1.5035544695361214e-07
1297,family_Haemulidae,1.4712463523976966e-07
1298,genus_Pylodictis,1.4687397619428176e-07
1299,genus_Gymnocephalus,1.405302065697731e-07
1300,species_carolinus,1.3127681398904168e-07
1301,species_adspersus,1.278298330779059e-07
1302,species_sapo,1.26651231457359e-07
1303,genus_Parapristipoma,1.2491713021927513e-07
1304,family_Scorpaenidae,1.223075910275366e-07
1305,species_philander,1.1974760104842583e-07
1306,species_danricus,1.1631125967863903e-07
1307,genus_Jenynsia,1.1502437416166084e-07
1308,genus_Nibea,1.0940342362579939e-07
1309,pub746,1.0830566606850642e-07
1310,species_minimus,1.0560118355400248e-07
1311,family_Anablepidae,9.933618155410769e-08
1312,genus_Puntigrus,9.915139093269115e-08
1313,species_cyprinellus,9.403777143121008e-08
1314,genus_Ictiobus,9.307115106076799e-08
1315,species_gurneyi,8.963844593149186e-08
1316,species_albiflora,8.90338815906965e-08
1317,species_anoplus,8.287118477898572e-08
1318,species_bifasciatus,8.244726825857145e-08
1319,species_olivaris,7.712722204655859e-08
1320,family_Osteoglossidae,7.240641661743786e-08
1321,species_grandis,6.302009490492895e-08
1322,species_boga,5.323962449029122e-08
1323,family_Goodeidae,4.5735897987020485e-08
1324,genus_Trachinotus,4.5167266010396054e-08
1325,species_pardalis,4.356536259785887e-08
1326,species_cachius,4.1891179221589485e-08
1327,genus_Odontamblyopus,3.959814820013208e-08
1328,genus_Chela,3.959567553612968e-08
1329,species_gigas,3.8727429826897215e-08
1330,species_umbratilis,3.685439722109697e-08
1331,species_lavaretus,3.54310586676076e-08
1332,genus_Stenotomus,3.50119669282127e-08
1333,species_panchax,3.112746554142508e-08
1334,species_melanistius,3.080639149057076e-08
1335,genus_Esomus,3.0674996694102155e-08
1336,species_chrysops,2.924392438125148e-08
1337,pub82,2.91755962511299e-08
1338,species_persicus,2.81769680407282e-08
1339,species_microps,2.765139451661627e-08
1340,genus_Aplodinotus,2.7625213844714075e-08
1341,family_Hemiodontidae,2.656563493880361e-08
1342,pub445,2.5135108399709767e-08
1343,genus_Chapalichthys,2.478181831575092e-08
1344,species_clupeaformis,2.434469859125057e-08
1345,pub830,2.4018148033366475e-08
1346,species_johnstonii,2.4010548348805015e-08
1347,genus_Hypomesus,2.3455817303258746e-08
1348,species_truttaceus,2.278733304213777e-08
1349,genus_Pseudocrenilabrus,2.2331381601477053e-08
1350,pub49,2.2098008347983998e-08
1351,pub845,2.107952999749252e-08
1352,species_vivipara,2.046758700380135e-08
1353,genus_Gymnocorymbus,2.0295274585684044e-08
1354,species_fera,1.951327438641733e-08
1355,genus_Culaea,1.600190269755888e-08
1356,species_confluentus,1.5493696193471598e-08
1357,species_erebi,1.5405327466898308e-08
1358,species_grunniens,1.4704278339734458e-08
1359,genus_Siganus,1.4106769489749017e-08
1360,species_devario,1.360436448237238e-08
1361,species_ambigua,1.197819276856418e-08
1362,species_annulatus,1.1921202087423954e-08
1363,genus_Nematalosa,1.1278786447909884e-08
1364,genus_Wallago,1.0877143361119876e-08
1365,genus_Lythrurus,1.0812317913636043e-08
1366,species_caudimaculatus,1.0149012292588329e-08
1367,species_olidus,9.362179921818926e-09
1368,species_vimba,9.095068356383593e-09
1369,genus_Vimba,8.811555323903098e-09
1370,species_nigrofasciatum,6.098015535944057e-09
1371,genus_Macrognathus,5.8666915229274165e-09
1372,species_neilgherriensis,4.46317283388644e-09
1373,genus_Ambassis,2.6893881348919467e-09
1374,species_atripinnis,1.941601358676517e-09
1375,family_Mastacembelidae,1.7325844717825143e-09
1376,species_gymnocephalus,1.357140088250844e-09
1377,species_transpacificus,1.2386864705718339e-09
1378,genus_Plecoglossus,7.569859431986645e-10
1379,species_rivulatus,6.848450948470732e-10
1380,family_Plecoglossidae,3.669846613403512e-10
1381,pub78,0.0
1382,pub80,0.0
1383,pub76,0.0
1384,pub75,0.0
1385,pub79,0.0
1386,pub81,0.0
1387,pub73,0.0
1388,pub74,0.0
1389,pub83,0.0
1390,pub77,0.0
1391,pub246,0.0
1392,pub72,0.0
1393,pub71,0.0
1394,pub70,0.0
1395,pub69,0.0
1396,pub68,0.0
1397,pub85,0.0
1398,pub725,0.0
1399,pub66,0.0
1400,pub65,0.0
1401,pub64,0.0
1402,pub859,0.0
1403,pub860,0.0
1404,pub84,0.0
1405,pub97,0.0
1406,pub296,0.0
1407,pub87,0.0
1408,pub110,0.0
1409,pub109,0.0
1410,pub108,0.0
1411,pub107,0.0
1412,pub106,0.0
1413,pub105,0.0
1414,pub104,0.0
1415,pub103,0.0
1416,pub102,0.0
1417,pub101,0.0
1418,pub100,0.0
1419,pub99,0.0
1420,pub98,0.0
1421,pub60,0.0
1422,pub96,0.0
1423,pub95,0.0
1424,pub94,0.0
1425,pub93,0.0
1426,pub92,0.0
1427,pub91,0.0
1428,pub90,0.0
1429,pub89,0.0
1430,pub88,0.0
1431,pub61,0.0
1432,pub50,0.0
1433,genus_Lates,0.0
1434,species_attu,0.0
1435,pub876,0.0
1436,pub321,0.0
1437,pub877,0.0
1438,pub878,0.0
1439,pub880,0.0
1440,pub881,0.0
1441,pub322,0.0
1442,pub323,0.0
1443,pub325,0.0
1444,pub326,0.0
1445,pub327,0.0
1446,genus_Goodea,0.0
1447,pub863,0.0
1448,species_masquinongy,0.0
1449,pub628,0.0
1450,pub9,0.0
1451,pub8,0.0
1452,pub7,0.0
1453,pub403,0.0
1454,pub427,0.0
1455,pub558,0.0
1456,pub526,0.0
1457,pub464,0.0
1458,pub513,0.0
1459,pub320,0.0
1460,pub319,0.0
1461,pub33,0.0
1462,pub875,0.0
1463,pub57,0.0
1464,pub56,0.0
1465,pub55,0.0
1466,pub54,0.0
1467,pub303,0.0
1468,pub52,0.0
1469,pub51,0.0
1470,pub112,0.0
1471,pub304,0.0
1472,pub311,0.0
1473,pub866,0.0
1474,pub868,0.0
1475,pub869,0.0
1476,pub312,0.0
1477,pub871,0.0
1478,pub313,0.0
1479,pub872,0.0
1480,pub873,0.0
1481,species_fulvescens,0.0
1482,pub316,0.0
1483,pub37,0.0
1484,pub874,0.0
1485,pub317,0.0
1486,pub111,0.0
1487,pub857,0.0
1488,pub113,0.0
1489,pub267,0.0
1490,pub209,0.0
1491,pub206,0.0
1492,pub205,0.0
1493,pub204,0.0
1494,pub749,0.0
1495,pub264,0.0
1496,pub809,0.0
1497,pub265,0.0
1498,pub199,0.0
1499,pub198,0.0
1500,pub197,0.0
1501,pub812,0.0
1502,pub266,0.0
1503,genus_Periophthalmodon,0.0
1504,pub114,0.0
1505,pub192,0.0
1506,pub191,0.0
1507,pub190,0.0
1508,pub268,0.0
1509,pub269,0.0
1510,pub270,0.0
1511,species_calcarifer,0.0
1512,pub185,0.0
1513,pub184,0.0
1514,pub183,0.0
1515,pub271,0.0
1516,pub272,0.0
1517,pub273,0.0
1518,pub210,0.0
1519,pub211,0.0
1520,pub212,0.0
1521,pub213,0.0
1522,pub241,0.0
1523,pub240,0.0
1524,pub239,0.0
1525,pub238,0.0
1526,pub237,0.0
1527,pub236,0.0
1528,pub235,0.0
1529,pub234,0.0
1530,pub233,0.0
1531,pub232,0.0
1532,pub248,0.0
1533,pub770,0.0
1534,pub788,0.0
1535,pub767,0.0
1536,pub227,0.0
1537,pub226,0.0
1538,pub225,0.0
1539,pub224,0.0
1540,pub223,0.0
1541,pub222,0.0
1542,pub220,0.0
1543,pub219,0.0
1544,pub218,0.0
1545,pub253,0.0
1546,pub254,0.0
1547,pub255,0.0
1548,pub796,0.0
1549,pub274,0.0
1550,pub178,0.0
1551,pub177,0.0
1552,pub847,0.0
1553,pub143,0.0
1554,pub142,0.0
1555,pub141,0.0
1556,pub140,0.0
1557,pub139,0.0
1558,pub290,0.0
1559,pub850,0.0
1560,pub136,0.0
1561,pub135,0.0
1562,pub134,0.0
1563,pub291,0.0
1564,pub851,0.0
1565,pub852,0.0
1566,pub853,0.0
1567,pub129,0.0
1568,pub128,0.0
1569,pub127,0.0
1570,pub854,0.0
1571,pub855,0.0
1572,pub124,0.0
1573,pub122,0.0
1574,pub121,0.0
1575,pub120,0.0
1576,pub856,0.0
1577,pub733,0.0
1578,pub247,0.0
1579,pub115,0.0
1580,pub848,0.0
1581,pub289,0.0
1582,pub176,0.0
1583,pub283,0.0
1584,pub175,0.0
1585,pub174,0.0
1586,pub833,0.0
1587,pub275,0.0
1588,pub171,0.0
1589,pub170,0.0
1590,pub169,0.0
1591,pub168,0.0
1592,pub167,0.0
1593,pub276,0.0
1594,pub164,0.0
1595,pub163,0.0
1596,pub162,0.0
1597,pub277,0.0
1598,pub160,0.0
1599,pub278,0.0
1600,pub279,0.0
1601,pub157,0.0
1602,pub156,0.0
1603,pub155,0.0
1604,pub842,0.0
1605,pub280,0.0
1606,pub281,0.0
1607,pub282,0.0
1608,pub150,0.0
1609,pub149,0.0
1610,pub148,0.0
1611,pub479,0.0
